"company";"location";"industry";"total_laid_off";"percentage_laid_off";"date";"stage";"country";"funds_raised_millions"
"Included Health";"SF Bay Area";"Healthcare";0;0.06;"7/25/2022";"Series E";"United States";272.0
"&Open";"Dublin";"Marketing";9;0.09;"11/17/2022";"Series A";"Ireland";35.0
"#Paid";"Toronto";"Marketing";19;0.17;"1/27/2023";"Series B";"Canada";21.0
"100 Thieves";"Los Angeles";"Consumer";12;0.0;"7/13/2022";"Series C";"United States";120.0
"10X Genomics";"SF Bay Area";"Healthcare";100;0.08;"8/4/2022";"Post-IPO";"United States";242.0
"1stdibs";"New York City";"Retail";70;0.17;"4/2/2020";"Series D";"United States";253.0
"2TM";"Sao Paulo";"Crypto";90;0.12;"6/1/2022";"Unknown";"Brazil";250.0
"2TM";"Sao Paulo";"Crypto";100;0.15;"9/1/2022";"Unknown";"Brazil";250.0
"2U";"Washington D.C.";"Education";0;0.2;"7/28/2022";"Post-IPO";"United States";426.0
"54gene";"Washington D.C.";"Healthcare";95;0.3;"8/29/2022";"Series B";"United States";44.0
"5B Solar";"Sydney";"Energy";0;0.25;"6/3/2022";"Series A";"Australia";12.0
"6sense";"SF Bay Area";"Sales";150;0.1;"10/12/2022";"Series E";"United States";426.0
"80 Acres Farms";"Cincinnati";"Food";0;0.1;"1/18/2023";"Unknown";"United States";275.0
"8x8";"SF Bay Area";"Support";155;0.07;"1/18/2023";"Post-IPO";"United States";253.0
"8x8";"SF Bay Area";"Support";200;0.09;"10/4/2022";"Post-IPO";"United States";253.0
"98point6";"Seattle";"Healthcare";0;0.1;"7/21/2022";"Series E";"United States";247.0
"99";"Sao Paulo";"Transportation";75;0.02;"9/20/2022";"Acquired";"Brazil";244.0
"Abra";"SF Bay Area";"Crypto";12;0.05;"6/30/2022";"Series C";"United States";106.0
"Absci";"Vancouver";"Healthcare";40;0.0;"8/9/2022";"Post-IPO";"United States";237.0
"Acast";"Stockholm";"Media";70;0.15;"9/15/2022";"Post-IPO";"Sweden";126.0
"Acko";"Mumbai";"Finance";45;0.09;"4/1/2020";"Unknown";"India";143.0
"Acorns";"Portland";"Finance";50;0.0;"5/26/2020";"Unknown";"United States";207.0
"Actifio";"Boston";"Data";54;0.0;"12/16/2020";"Acquired";"United States";352.0
"ActiveCampaign";"Chicago";"Marketing";0;0.15;"10/3/2022";"Series C";"United States";360.0
"Ada";"Toronto";"Support";78;0.16;"9/20/2022";"Series C";"Canada";190.0
"Ada Health";"Berlin";"Healthcare";50;0.0;"10/17/2022";"Series B";"Germany";189.0
"Ada Support";"Toronto";"Support";36;0.23;"4/24/2020";"Series B";"Canada";60.0
"Adaptive Biotechnologies";"Seattle";"Healthcare";100;0.12;"3/8/2022";"Post-IPO";"United States";406.0
"Addepar";"SF Bay Area";"Finance";20;0.03;"1/18/2023";"Series F";"United States";491.0
"Adobe";"SF Bay Area";"Marketing";100;0.0;"12/6/2022";"Post-IPO";"United States";2.0
"AdRoll";"Salt Lake City";"Marketing";210;0.3;"3/31/2020";"Series C";"United States";89.0
"Advata";"Seattle";"Healthcare";32;0.21;"10/28/2022";"";"United States";0.0
"Adwerx";"Durham";"Marketing";40;0.0;"7/7/2022";"Unknown";"United States";20.0
"Affirm";"SF Bay Area";"Finance";0;0.01;"11/3/2022";"Post-IPO";"United States";1500.0
"Affirm";"SF Bay Area";"Finance";500;0.19;"2/8/2023";"Post-IPO";"United States";1500.0
"Afterverse";"Brasilia";"Consumer";60;0.2;"6/3/2022";"Unknown";"Brazil";0.0
"Agoda";"Singapore";"Travel";1500;0.25;"5/18/2020";"Acquired";"Singapore";0.0
"Ahead";"SF Bay Area";"Healthcare";44;1.0;"4/14/2022";"Unknown";"United States";9.0
"Air";"New York City";"Marketing";0;0.16;"9/16/2020";"Series A";"United States";18.0
"Airbnb";"SF Bay Area";"Travel";30;0.0;"3/3/2023";"Post-IPO";"United States";6400.0
"Airbnb";"SF Bay Area";"Travel";1900;0.25;"5/5/2020";"Private Equity";"United States";5400.0
"Airlift";"Lahore";"Logistics";0;0.31;"5/25/2022";"Series B";"Pakistan";109.0
"Airlift";"Lahore";"Logistics";0;1.0;"7/12/2022";"Series B";"Pakistan";109.0
"Airtable";"SF Bay Area";"Product";254;0.2;"12/8/2022";"Series F";"United States";1400.0
"Airtame";"Copenhagen";"Consumer";15;0.0;"6/15/2022";"Unknown";"Denmark";7.0
"Airtime";"New York City";"Consumer";30;0.2;"5/23/2022";"Series B";"United States";33.0
"Airy Rooms";"Jakarta";"Travel";0;0.7;"4/22/2020";"Unknown";"Indonesia";0.0
"Airy Rooms";"Jakarta";"Travel";0;1.0;"5/7/2020";"Unknown";"Indonesia";0.0
"Aiven";"Helsinki";"Infrastructure";0;0.2;"1/18/2023";"Series D";"Finland";420.0
"Ajaib";"Jakarta";"Finance";67;0.08;"11/28/2022";"Unknown";"Indonesia";245.0
"Akili Labs";"Baltimore";"Healthcare";46;0.3;"1/12/2023";"Seed";"United States";0.0
"Akulaku";"Jakarta";"Finance";100;0.0;"4/15/2020";"Series D";"Indonesia";160.0
"AlayaCare";"Montreal";"Healthcare";80;0.14;"8/16/2022";"Series D";"Canada";293.0
"Albert";"Los Angeles";"Finance";20;0.08;"6/10/2022";"Series C";"United States";175.0
"Alerzo";"Ibadan";"Retail";400;0.0;"3/6/2023";"Series B";"Nigeria";16.0
"Alice";"Sao Paulo";"Healthcare";63;0.0;"7/11/2022";"Series C";"Brazil";174.0
"Alice";"Sao Paulo";"Healthcare";113;0.16;"12/9/2022";"Series C";"Brazil";174.0
"AliExpress Russia";"Moscow";"Retail";400;0.4;"5/14/2022";"Acquired";"Russia";60.0
"Allbirds";"SF Bay Area";"Retail";23;0.0;"7/28/2022";"Post-IPO";"United States";202.0
"Alto Pharmacy";"SF Bay Area";"Healthcare";47;0.06;"9/29/2020";"Series D";"United States";356.0
"Amazon";"Seattle";"Retail";150;0.0;"10/28/2022";"Post-IPO";"United States";108.0
"Amazon";"Seattle";"Retail";8000;0.02;"1/4/2023";"Post-IPO";"United States";108.0
"Amazon";"Seattle";"Retail";10000;0.03;"11/16/2022";"Post-IPO";"United States";108.0
"Amber Group";"Hong Kong";"Crypto";0;0.1;"9/9/2022";"Series B";"Hong Kong";328.0
"Ambev Tech";"Blumenau";"Food";50;0.0;"3/2/2023";"Acquired";"Brazil";0.0
"Amdocs";"St. Louis";"Support";700;0.03;"1/2/2023";"Post-IPO";"United States";0.0
"American Robotics";"Boston";"Other";50;0.65;"1/17/2023";"Acquired";"United States";92.0
"Amount";"Chicago";"Finance";0;0.18;"6/27/2022";"Unknown";"United States";283.0
"Amount";"Chicago";"Finance";130;0.25;"2/27/2023";"Unknown";"United States";283.0
"Amperity";"Seattle";"Marketing";13;0.03;"8/20/2022";"Series D";"United States";187.0
"Amplero";"Seattle";"Marketing";17;1.0;"3/29/2020";"Series B";"United States";25.0
"Anagram";"Los Angeles";"Healthcare";17;0.0;"4/3/2020";"Series A";"United States";14.0
"Andela";"New York City";"Recruiting";135;0.1;"5/5/2020";"Series D";"United States";181.0
"AngelList";"SF Bay Area";"Recruiting";20;0.0;"3/31/2020";"Series B";"United States";26.0
"Anodot";"Tel Aviv";"Data";35;0.27;"7/6/2022";"Series C";"United States";64.0
"Antidote Health";"Tel Aviv";"Healthcare";23;0.38;"10/23/2022";"Unknown";"Israel";36.0
"Anywell";"Tel Aviv";"Real Estate";11;0.0;"8/14/2022";"Series A";"Israel";15.0
"Apartment List";"SF Bay Area";"Real Estate";29;0.1;"8/31/2022";"Series D";"United States";169.0
"Apollo";"SF Bay Area";"Product";0;0.15;"12/15/2022";"Series D";"United States";183.0
"Apollo Insurance";"Vancouver";"Finance";0;0.25;"11/15/2022";"Series B";"Canada";11.0
"App Annie";"SF Bay Area";"Data";80;0.18;"4/28/2020";"Unknown";"United States";156.0
"Appgate";"Miami";"Security";34;0.08;"2/1/2023";"Post-IPO";"United States";0.0
"AppGate";"Miami";"Security";130;0.22;"7/21/2022";"Post-IPO";"United States";0.0
"AppLovin";"SF Bay Area";"Marketing";300;0.12;"6/27/2022";"Post-IPO";"United States";1600.0
"ApplyBoard";"Waterloo";"Education";90;0.06;"11/28/2022";"Series D";"Canada";483.0
"Aqgromalin";"Chennai";"Food";80;0.3;"6/20/2022";"Unknown";"India";12.0
"Aqua Security";"Boston";"Security";65;0.1;"12/5/2022";"Series E";"United States";265.0
"Aqua Security";"Tel Aviv";"Security";24;0.09;"4/1/2020";"Series C";"Israel";100.0
"Arc";"SF Bay Area";"HR";13;0.0;"7/20/2022";"Seed";"United States";1.0
"Arch Oncology";"Brisbane";"Healthcare";0;1.0;"1/13/2023";"Series C";"United States";155.0
"Argo AI";"Munich";"Transportation";100;0.0;"6/29/2020";"Unknown";"Germany";3600.0
"Argo AI";"Pittsburgh";"Transportation";150;0.05;"7/7/2022";"Unknown";"United States";3600.0
"Argo AI";"Pittsburgh";"Transportation";173;0.0;"10/26/2022";"Unknown";"United States";3600.0
"Argo AI";"SF Bay Area";"Transportation";259;0.0;"11/1/2022";"Unknown";"United States";3600.0
"Argyle";"New York City";"Finance";20;0.07;"8/26/2022";"Series B";"United States";78.0
"Armis";"SF Bay Area";"Security";25;0.04;"12/8/2022";"Private Equity";"United States";537.0
"Arrival";"London";"Transportation";0;0.3;"7/13/2022";"Post-IPO";"United Kingdom";629.0
"Arrival";"London";"Transportation";800;0.5;"1/30/2023";"Post-IPO";"United Kingdom";629.0
"Arrive Logistics";"Austin";"Logistics";75;0.07;"4/3/2020";"Series B";"United States";35.0
"Article";"Vancouver";"Retail";216;0.17;"8/4/2022";"Series B";"Canada";0.0
"Articulate";"New York City";"Education";38;0.0;"2/2/2023";"Series A";"United States";1500.0
"Artnight";"Berlin";"Retail";26;0.36;"8/31/2022";"Unknown";"Germany";0.0
"Asana";"SF Bay Area";"Other";180;0.09;"11/15/2022";"Post-IPO";"United States";453.0
"Aspire";"SF Bay Area";"Marketing";23;0.0;"7/15/2022";"Series A";"United States";27.0
"Assure";"Salt Lake City";"Finance";0;1.0;"11/23/2022";"Seed";"United States";2.0
"Astra";"SF Bay Area";"Aerospace";0;0.16;"11/8/2022";"Post-IPO";"United States";300.0
"Astra";"SF Bay Area";"Aerospace";40;0.25;"4/5/2020";"Unknown";"United States";100.0
"Astronomer";"Cincinnati";"Data";76;0.2;"1/4/2023";"Series C";"United States";282.0
"Atlanta Tech Village";"Atlanta";"Real Estate";0;0.5;"4/2/2020";"Unknown";"United States";0.0
"Atlas Obscura";"New York City";"Media";15;0.0;"6/18/2020";"Series B";"United States";32.0
"Atlassian";"Sydney";"Other";500;0.05;"3/6/2023";"Post-IPO";"Australia";210.0
"AtoB";"SF Bay Area";"Finance";32;0.3;"10/19/2022";"Series B";"United States";177.0
"Atsu";"Seattle";"Infrastructure";6;1.0;"4/10/2020";"Unknown";"United States";1.0
"Attentive";"New York City";"Marketing";0;0.15;"1/5/2023";"Series E";"United States";863.0
"AU10TIX";"Tel Aviv";"Security";19;0.09;"1/31/2023";"Unknown";"Israel";80.0
"Augury";"New York City";"Manufacturing";20;0.05;"1/4/2023";"Series E";"United States";274.0
"Aura";"Boston";"Security";70;0.09;"6/23/2022";"Series F";"United States";500.0
"Aura Financial";"SF Bay Area";"Finance";0;1.0;"1/11/2021";"Unknown";"United States";584.0
"Autodesk";"SF Bay Area";"Other";250;0.02;"2/2/2023";"Post-IPO";"United States";0.0
"Automatic";"SF Bay Area";"Transportation";0;1.0;"5/1/2020";"Acquired";"United States";24.0
"Automation Anywhere";"SF Bay Area";"Other";260;0.1;"4/27/2020";"Series B";"United States";840.0
"Automox";"Boulder";"Infrastructure";0;0.11;"4/18/2022";"Series C";"United States";152.0
"Avantage Entertainment";"Minneapolis";"Media";5;0.2;"4/3/2020";"Unknown";"United States";0.0
"AvantStay";"Los Angeles";"Travel";80;0.0;"6/29/2022";"Unknown";"United States";811.0
"AvantStay";"Los Angeles";"Travel";144;0.22;"11/9/2022";"Private Equity";"United States";686.0
"Avast";"Phoenix";"Security";0;0.25;"11/10/2022";"Unknown";"United States";0.0
"Avo";"Tel Aviv";"Food";500;0.67;"5/1/2022";"Series B";"Israel";45.0
"Away";"New York City";"Retail";60;0.1;"4/7/2020";"Series D";"United States";181.0
"Awok";"Dubai";"Retail";0;1.0;"9/2/2020";"Series A";"United Arab Emirates";30.0
"Aya";"Toronto";"Finance";5;0.25;"11/19/2020";"Seed";"United States";3.0
"B8ta";"SF Bay Area";"Retail";250;0.5;"3/26/2020";"Series C";"United States";88.0
"Babylon";"London";"Healthcare";100;0.0;"7/12/2022";"Post-IPO";"United Kingdom";1100.0
"Back Market";"Paris";"Retail";93;0.13;"12/23/2022";"Series E";"France";1000.0
"Bakkt";"Atlanta";"Crypto";0;0.15;"12/8/2022";"Post-IPO";"United States";932.0
"Bally's Interactive";"Providence";"";0;0.15;"1/18/2023";"Post-IPO";"United States";946.0
"Balto";"St. Louis";"Sales";30;0.0;"6/22/2022";"Series B";"United States";51.0
"Balto";"St. Louis";"Sales";35;0.0;"12/12/2022";"Series B";"United States";51.0
"Bamboo Health";"Louisville";"Healthcare";52;0.0;"7/1/2022";"Unknown";"United States";0.0
"Banxa";"Melbourne";"Crypto";70;0.3;"6/27/2022";"Post-IPO";"Australia";13.0
"Baraja";"Sydney";"Transportation";0;0.75;"2/8/2023";"Unknown";"Australia";63.0
"Bark";"New York City";"Retail";126;0.12;"2/9/2023";"Post-IPO";"United States";0.0
"Baton";"SF Bay Area";"Transportation";16;0.25;"6/29/2022";"Series A";"United States";13.0
"Beam Benefits";"Columbus";"Healthcare";31;0.08;"2/8/2023";"Series E";"United States";168.0
"Beamery";"London";"HR";0;0.12;"1/10/2023";"Series D";"United States";223.0
"BeeTech";"Sao Paulo";"Finance";30;0.0;"4/10/2020";"Series B";"Brazil";14.0
"Bench";"Vancouver";"Finance";47;0.1;"3/27/2020";"Series B";"Canada";49.0
"Benevity";"Calgary";"Other";137;0.14;"1/18/2023";"Unknown";"Canada";69.0
"Benitago Group";"New York City";"Retail";0;0.14;"11/4/2022";"Series A";"United States";380.0
"Berkeley Lights";"SF Bay Area";"Healthcare";0;0.12;"8/9/2022";"Post-IPO";"United States";272.0
"Berlin Brands Group";"Berlin";"Retail";100;0.1;"6/10/2022";"Unknown";"Germany";1000.0
"Bestow";"Dallas";"Finance";41;0.14;"6/24/2022";"Series C";"United States";137.0
"Better.com";"New York City";"Real Estate";900;0.09;"12/1/2021";"Unknown";"United States";905.0
"Better.com";"New York City";"Real Estate";3000;0.33;"3/8/2022";"Unknown";"United States";905.0
"Betterfly";"Santiago";"Healthcare";0;0.3;"1/18/2023";"Series C";"Chile";204.0
"Betterfly";"Santiago";"Healthcare";30;0.0;"8/11/2022";"Series C";"Chile";204.0
"Betterment";"New York City";"Finance";28;0.0;"2/15/2023";"Series F";"United States";435.0
"Bevi";"Boston";"Food";30;0.2;"3/27/2020";"Series C";"United States";60.0
"Beyond Meat";"Los Angeles";"Food";40;0.0;"8/3/2022";"Post-IPO";"United States";122.0
"Beyond Meat";"Los Angeles";"Food";200;0.19;"10/14/2022";"Post-IPO";"United States";122.0
"BeyondMinds";"Tel Aviv";"Data";65;1.0;"5/23/2022";"Series A";"Israel";16.0
"BharatAgri";"Mumbai";"Food";40;0.43;"1/15/2023";"Series A";"India";21.0
"Big Fish Games";"Seattle";"Media";250;0.0;"9/1/2020";"Acquired";"United States";95.2
"BigBear.ai";"Baltimore";"Data";0;0.07;"9/8/2022";"Post-IPO";"United States";200.0
"BigCommerce";"Austin";"Retail";180;0.13;"12/15/2022";"Post-IPO";"United States";224.0
"Bilibili";"Shanghai";"Media";0;0.3;"12/27/2022";"Post-IPO";"China";3700.0
"BioMarin";"SF Bay Area";"Healthcare";120;0.04;"10/7/2022";"Post-IPO";"United States";585.0
"Bird";"Los Angeles";"Transportation";138;0.23;"6/7/2022";"Post-IPO";"United States";783.0
"Bird";"Los Angeles";"Transportation";406;0.3;"3/27/2020";"Series D";"United States";623.0
"Bitfront";"SF Bay Area";"Crypto";0;1.0;"11/29/2022";"Unknown";"United States";0.0
"BitGo";"SF Bay Area";"Crypto";0;0.12;"4/17/2020";"Series B";"United States";69.0
"BitMEX";"Non-U.S.";"Crypto";0;0.3;"11/2/2022";"Seed";"Seychelles";0.0
"BitMEX";"Non-U.S.";"Crypto";75;0.25;"4/4/2022";"Seed";"Seychelles";0.0
"BitOasis";"Dubai";"Crypto";9;0.05;"6/19/2022";"Series B";"United Arab Emirates";30.0
"Bitpanda";"Vienna";"Crypto";270;0.27;"6/24/2022";"Series C";"Austria";546.0
"Bitrise";"Budapest";"Infrastructure";0;0.14;"9/14/2022";"Series C";"Hungary";83.0
"BitSight";"Tel Aviv";"Security";40;0.0;"2/26/2023";"Unknown";"Israel";401.0
"Bitso";"Mexico City";"Crypto";80;0.11;"5/26/2022";"Series C";"Mexico";378.0
"Bitso";"Mexico City";"Crypto";100;0.0;"11/29/2022";"Series C";"Mexico";378.0
"BitTitan";"Seattle";"Data";70;0.27;"11/18/2021";"Acquired";"United States";46.0
"BitTorrent";"SF Bay Area";"Infrastructure";92;0.0;"1/20/2023";"Acquired";"United States";0.0
"Bittrex";"Seattle";"Crypto";80;0.0;"2/2/2023";"Unknown";"United States";0.0
"Bizongo";"Mumbai";"Logistics";140;0.0;"7/10/2020";"Series C";"India";70.0
"Bizpay";"Sydney";"Finance";0;0.3;"5/4/2022";"Unknown";"Australia";45.0
"Bizzabo";"New York City";"Marketing";100;0.37;"12/1/2022";"Series E";"United States";194.0
"Bizzabo";"New York City";"Marketing";120;0.3;"7/5/2022";"Series E";"United States";194.0
"Black Shark";"Shenzen";"Hardware";900;0.0;"1/13/2023";"Unknown";"China";0.0
"Blackbaud";"Charleston";"Other";500;0.14;"";"Post-IPO";"United States";0.0
"BlackBuck";"Bengaluru";"Logistics";200;0.0;"4/17/2020";"Series D";"India";293.0
"BlackLine";"Los Angeles";"Finance";95;0.05;"12/8/2022";"Private Equity";"United States";220.0
"Bleacher Report";"London";"Media";20;0.0;"9/11/2020";"Acquired";"United Kingdom";40.5
"Blend";"SF Bay Area";"Finance";100;0.06;"11/10/2022";"Post-IPO";"United States";665.0
"Blend";"SF Bay Area";"Finance";200;0.1;"4/19/2022";"Post-IPO";"United States";665.0
"Blend";"SF Bay Area";"Finance";220;0.12;"8/15/2022";"Post-IPO";"United States";665.0
"Blend";"SF Bay Area";"Finance";340;0.28;"1/10/2023";"Post-IPO";"United States";665.0
"Blockchain.com";"London";"Crypto";110;0.28;"1/12/2023";"Series D";"United Kingdom";490.0
"Blockchain.com";"London";"Crypto";150;0.25;"7/21/2022";"Series D";"United Kingdom";490.0
"BlockFi";"New York City";"Crypto";0;1.0;"11/28/2022";"Series E";"United States";1000.0
"BlockFi";"New York City";"Crypto";250;0.2;"6/13/2022";"Series E";"United States";1000.0
"BloomTech";"SF Bay Area";"Education";88;0.5;"12/1/2022";"Unknown";"United States";0.0
"Blue Apron";"New York City";"Food";0;0.1;"12/8/2022";"Post-IPO";"United States";352.0
"Blueground";"New York City";"Real Estate";130;0.25;"3/27/2020";"Series B";"United States";77.0
"BlueStacks";"SF Bay Area";"Other";60;0.0;"7/20/2022";"Series C";"United States";48.0
"Blume Global";"SF Bay Area";"Logistics";30;0.1;"3/30/2020";"Unknown";"United States";0.0
"Bluprint";"Denver";"Education";137;1.0;"5/26/2020";"Acquired";"United States";108.0
"BM Technologies";"Philadelphia";"Finance";0;0.25;"1/30/2023";"Post-IPO";"United States";0.0
"Bolt";"Lagos";"Transportation";17;0.0;"2/21/2023";"Series F";"Nigeria";0.0
"Bolt";"SF Bay Area";"Finance";50;0.1;"1/24/2023";"Series E";"United States";1300.0
"Bolt";"SF Bay Area";"Finance";240;0.27;"5/25/2022";"Series E";"United States";1300.0
"Bonsai";"Toronto";"Retail";29;0.34;"4/26/2022";"Series A";"Canada";27.0
"Bonsai";"Toronto";"Retail";30;0.55;"6/20/2022";"Series A";"Canada";27.0
"Bonterra";"Austin";"Other";140;0.1;"1/13/2023";"Unknown";"United States";0.0
"BookClub";"Salt Lake City";"Education";12;0.25;"5/31/2022";"Series A";"United States";26.0
"Booking.com";"Amsterdam";"Travel";4375;0.25;"7/30/2020";"Acquired";"Netherlands";0.0
"Booking.com";"Grand Rapids";"Travel";226;0.0;"11/1/2022";"Acquired";"United States";0.0
"BookMyShow";"Mumbai";"Consumer";270;0.18;"5/28/2020";"Unknown";"India";224.0
"Booksy";"SF Bay Area";"Consumer";200;0.0;"4/1/2020";"Series B";"United States";48.0
"Booktopia";"Sydney";"Retail";30;0.0;"1/23/2023";"Series A";"Australia";23.0
"Boosted Commerce";"Los Angeles";"Retail";0;0.05;"7/22/2022";"Series B";"United States";137.0
"Boozt";"Malmo";"Retail";70;0.05;"6/9/2022";"Post-IPO";"Sweden";56.0
"Borrowell";"Toronto";"Finance";15;0.2;"4/6/2020";"Series B";"Canada";72.0
"Bossa Nova";"SF Bay Area";"Retail";0;0.5;"11/2/2020";"Unknown";"United States";101.6
"Bossa Nova";"SF Bay Area";"Retail";61;0.0;"6/29/2020";"Unknown";"United States";101.6
"Bounce";"Bengaluru";"Transportation";40;0.05;"1/6/2023";"Series D";"India";214.0
"Bounce";"Bengaluru";"Transportation";120;0.0;"3/19/2020";"Series D";"India";214.0
"Bounce";"Bengaluru";"Transportation";130;0.22;"6/29/2020";"Series D";"India";214.2
"Bounce";"Bengaluru";"Transportation";200;0.4;"2/22/2021";"Series D";"India";214.2
"BounceX";"New York City";"Marketing";77;0.2;"4/6/2020";"Series B";"United States";75.0
"Brainly";"Krakow";"Education";25;0.0;"11/6/2022";"Series D";"Poland";148.0
"Branch";"New York City";"Retail";3;0.27;"6/11/2020";"Seed";"United States";2.0
"Branch Metrics";"SF Bay Area";"Marketing";100;0.2;"4/7/2020";"Series E";"United States";367.0
"Brave Care";"Portland";"Healthcare";40;0.33;"9/6/2022";"Series B";"United States";42.0
"Breathe";"New Delhi";"Healthcare";50;0.33;"6/14/2022";"Series A";"India";6.0
"Breather";"Montreal";"Real Estate";120;0.8;"12/16/2020";"Series D";"Canada";131.0
"Brex";"SF Bay Area";"Finance";62;0.15;"5/29/2020";"Series C";"United States";732.0
"Brex";"SF Bay Area";"Finance";136;0.11;"10/11/2022";"Series D";"United States";1500.0
"Bridge Connector";"Nashville";"Healthcare";154;1.0;"11/17/2020";"Series B";"United States";45.0
"Bridgit";"Waterloo";"Construction";13;0.13;"12/6/2022";"Series B";"Canada";36.0
"Bright Machines";"SF Bay Area";"Data";30;0.08;"6/28/2022";"Unknown";"Israel";250.0
"Bright Money";"Bengaluru";"Finance";100;0.5;"7/15/2022";"Series A";"India";31.0
"Brighte";"Sydney";"Energy";30;0.15;"6/20/2022";"Series C";"Australia";145.0
"Brighte";"Sydney";"Energy";58;0.0;"9/9/2022";"Series C";"Australia";145.0
"Brightline";"SF Bay Area";"Healthcare";0;0.2;"11/1/2022";"Series C";"United States";212.0
"Bringg";"Tel Aviv";"Logistics";10;0.1;"4/21/2020";"Series D";"Israel";84.0
"Britishvolt";"London";"Transportation";206;1.0;"1/17/2023";"Unknown";"United Kingdom";2400.0
"Briza";"Toronto";"Finance";26;0.4;"12/20/2022";"Series A";"Canada";10.0
"Brodmann17";"Tel Aviv";"Other";0;1.0;"12/9/2022";"Series A";"Israel";25.0
"Bryter";"Berlin";"Product";100;0.3;"7/13/2022";"Series B";"Germany";89.0
"Buenbit";"Buenos Aires";"Crypto";80;0.45;"5/23/2022";"Series A";"Argentina";11.0
"Builder";"Los Angeles";"Product";39;0.14;"6/4/2020";"Series A";"United States";29.0
"Built In";"Chicago";"Recruiting";28;0.0;"4/10/2020";"Series C";"United States";29.0
"Built In";"Chicago";"Recruiting";50;0.25;"10/5/2022";"Series C";"United States";29.0
"Bullhorn";"Boston";"Sales";100;0.0;"4/30/2020";"Acquired";"United States";32.0
"Bullish";"Hong Kong";"Crypto";30;0.08;"7/5/2022";"Unknown";"Hong Kong";300.0
"Bungalow";"SF Bay Area";"Real Estate";70;0.0;"6/22/2022";"Series C";"United States";171.0
"BusBud";"Montreal";"Transportation";23;0.32;"4/6/2020";"Series B";"Canada";21.0
"Buser";"Sao Paulo";"Transportation";160;0.3;"12/8/2022";"Series C";"Brazil";138.0
"Bustle Digital Group";"New York City";"Media";0;0.08;"2/1/2023";"Series E";"United States";80.0
"Bustle Digital Group";"New York City";"Media";19;0.0;"4/3/2020";"Series E";"United States";80.0
"Bustle Digital Group";"New York City";"Media";24;0.08;"4/3/2020";"Series E";"United States";80.0
"Butler Hospitality";"New York City";"Food";1000;1.0;"7/8/2022";"Series B";"United States";50.0
"Butterfly Network";"Boston";"Healthcare";0;0.25;"1/4/2023";"Post-IPO";"United States";530.0
"Butterfly Network";"New Haven";"Healthcare";0;0.1;"8/2/2022";"Post-IPO";"United States";530.0
"Button";"New York City";"Marketing";48;0.35;"4/8/2020";"Series C";"United States";64.0
"Buy.com / Rakuten";"SF Bay Area";"Retail";87;1.0;"7/30/2020";"Acquired";"United States";42.4
"Buzzer";"New York City";"Media";0;0.2;"6/20/2022";"Unknown";"United States";32.0
"BuzzFeed";"New York City";"Media";180;0.12;"12/6/2022";"Post-IPO";"United States";696.0
"BVAccel";"San Diego";"Marketing";25;0.25;"4/8/2020";"Unknown";"United States";0.0
"Bybit";"Singapore";"Crypto";0;0.3;"12/3/2022";"Unknown";"Singapore";0.0
"Bybit";"Singapore";"Crypto";600;0.3;"6/20/2022";"Unknown";"Singapore";0.0
"Byju's";"Bengaluru";"Education";1500;0.0;"2/2/2023";"Private Equity";"India";5500.0
"Byju's";"Bengaluru";"Education";2500;0.05;"10/12/2022";"Private Equity";"India";5500.0
"Bytedance";"Mumbai";"Consumer";1800;0.0;"1/27/2021";"Unknown";"India";7400.0
"ByteDance";"Shanghai";"Consumer";0;0.1;"1/3/2023";"Unknown";"China";9400.0
"Bytedance";"Shanghai";"Consumer";150;0.0;"6/17/2022";"Unknown";"China";9400.0
"Bytedance";"Shanghai";"Consumer";1800;0.0;"8/5/2021";"Unknown";"China";9400.0
"C2FO";"Kansas City";"Finance";20;0.02;"12/9/2022";"Series H";"United States";537.0
"C6 Bank";"Sao Paulo";"Finance";60;0.06;"4/6/2020";"Unknown";"Brazil";0.0
"Cabin";"SF Bay Area";"Travel";0;0.2;"3/23/2020";"Seed";"United States";3.0
"Cadre";"New York City";"Real Estate";28;0.25;"5/11/2020";"Series C";"United States";133.0
"Calibrate";"New York City";"Healthcare";156;0.24;"7/8/2022";"Series B";"United States";127.0
"Caliva";"SF Bay Area";"Retail";20;0.0;"3/30/2020";"Series A";"United States";75.0
"Callisto Media";"SF Bay Area";"Media";0;0.35;"10/25/2022";"Series D";"United States";0.0
"Callisto Media";"SF Bay Area";"Media";140;0.35;"7/21/2022";"Series D";"United States";0.0
"Calm";"SF Bay Area";"Healthcare";90;0.2;"8/11/2022";"Series C";"United States";218.0
"Cameo";"Chicago";"Consumer";80;0.0;"11/9/2022";"Unknown";"United States";165.0
"Cameo";"Chicago";"Consumer";87;0.25;"5/4/2022";"Unknown";"United States";165.0
"Camp K12";"Gurugram";"Education";0;0.7;"1/23/2023";"Series A";"India";16.0
"Candy Digital";"New York City";"Crypto";33;0.33;"11/28/2022";"Series A";"United States";100.0
"Canoo";"Los Angeles";"Transportation";58;0.06;"7/1/2022";"Post-IPO";"United States";300.0
"Capital One";"Washington D.C.";"Finance";1100;0.0;"1/19/2023";"Post-IPO";"United States";0.0
"Capitolis";"New York City";"Finance";0;0.25;"11/18/2022";"Series D";"United States";281.0
"Capitolis";"New York City";"Finance";37;0.25;"11/17/2022";"Series D";"United States";281.0
"Capsule";"New York City";"Healthcare";0;0.13;"7/19/2022";"Series D";"United States";570.0
"Captain Fresh";"Bengaluru";"Food";120;0.0;"1/15/2023";"Series C";"India";126.0
"CaptivateIQ";"SF Bay Area";"Sales";31;0.1;"11/15/2022";"Series C";"United States";164.0
"Carbon Health";"SF Bay Area";"Healthcare";200;0.0;"1/6/2023";"Series D";"United States";522.0
"Carbon Health";"SF Bay Area";"Healthcare";250;0.08;"6/2/2022";"Series D";"United States";522.0
"CarDekho";"Gurugram";"Transportation";200;0.0;"5/25/2020";"Series D";"India";247.0
"Cardlytics";"Atlanta";"Marketing";51;0.0;"11/14/2022";"Post-IPO";"United States";212.0
"Care.com";"Boston";"Consumer";81;0.0;"4/30/2020";"Acquired";"United States";156.0
"Careem";"Dubai";"Transportation";536;0.31;"5/4/2020";"Acquired";"United Arab Emirates";771.0
"Career Karma";"SF Bay Area";"Education";22;0.0;"1/12/2023";"Series B";"United States";51.0
"Career Karma";"SF Bay Area";"Education";60;0.33;"7/28/2022";"Series B";"United States";51.0
"CarGurus";"Boston";"Transportation";130;0.13;"4/16/2020";"Post-IPO";"United States";1.0
"Carousell";"Singapore";"Retail";110;0.1;"12/1/2022";"Private Equity";"Singapore";372.0
"Cars24";"Gurugram";"Transportation";600;0.06;"5/19/2022";"Series G";"India";1300.0
"Carsome";"Kuala Lumpur";"Transportation";0;0.1;"9/30/2022";"Series E";"Malaysia";607.0
"Carta";"SF Bay Area";"Finance";161;0.16;"4/15/2020";"Series E";"United States";447.0
"Carta";"SF Bay Area";"HR";0;0.1;"1/11/2023";"Series G";"United States";1100.0
"Carvana";"Phoenix";"Transportation";2500;0.12;"5/10/2022";"Post-IPO";"United States";1600.0
"Carvana";"Phoenix";"Transportation";1500;0.08;"11/18/2022";"Post-IPO";"United States";1600.0
"Carwow";"London";"Transportation";70;0.2;"11/25/2022";"Unknown";"United Kingdom";157.0
"Casavo";"Milan";"Real Estate";0;0.3;"2/13/2023";"Unknown";"Italy";708.0
"Cashfree Payments";"Bengaluru";"Finance";100;0.0;"1/12/2023";"Series B";"India";41.0
"Casper";"New York City";"Retail";78;0.21;"4/21/2020";"Post-IPO";"United States";339.0
"Castlight Health";"SF Bay Area";"Healthcare";0;0.13;"5/4/2020";"Post-IPO";"United States";184.0
"Catalant";"Boston";"Other";30;0.0;"3/30/2020";"Series E";"United States";110.0
"Catch.com.au";"Melbourne";"Retail";100;0.0;"2/6/2023";"Acquired";"Australia";80.0
"Cazoo";"London";"Transportation";750;0.15;"6/7/2022";"Post-IPO";"United Kingdom";2000.0
"Cedar";"New York City";"Healthcare";0;0.24;"7/7/2022";"Series D";"United States";351.0
"Celsius";"New York City";"Crypto";150;0.25;"7/3/2022";"Series B";"United States";864.0
"Cerebral";"SF Bay Area";"Healthcare";285;0.15;"2/27/2023";"Series C";"United States";462.0
"Cerebral";"SF Bay Area";"Healthcare";400;0.2;"10/24/2022";"Series C";"United States";462.0
"Chainalysis";"New York City";"Crypto";44;0.05;"2/1/2023";"Series F";"United States";536.0
"Change Invest";"Amsterdam";"Finance";0;0.24;"11/27/2022";"Unknown";"Netherlands";22.0
"Change.org";"SF Bay Area";"Other";0;0.19;"7/28/2022";"Series D";"United States";72.0
"Chargebee";"SF Bay Area";"Finance";142;0.1;"11/2/2022";"Series H";"United States";468.0
"Checkmarx";"Tel Aviv";"Security";100;0.1;"11/2/2022";"Series C";"Israel";92.0
"Checkout.com";"London";"Finance";100;0.05;"9/13/2022";"Series D";"United Kingdom";1800.0
"Checkr";"SF Bay Area";"HR";64;0.12;"7/23/2020";"Series D";"United States";309.0
"Chessable";"London";"Consumer";29;0.0;"7/4/2022";"Acquired";"United Kingdom";0.0
"Chili Piper";"New York City";"Sales";58;0.0;"11/17/2022";"Series B";"United States";54.0
"Chime";"SF Bay Area";"Finance";156;0.12;"11/2/2022";"Series G";"United States";2300.0
"Chipper Cash";"SF Bay Area";"Finance";50;0.125;"12/6/2022";"Series C";"United States";302.0
"Chipper Cash";"SF Bay Area";"Finance";100;0.33;"2/17/2023";"Series C";"United States";302.0
"Chope";"Singapore";"Food";65;0.24;"12/20/2022";"Series E";"Singapore";50.0
"ChowNow";"Los Angeles";"Food";40;0.1;"12/14/2022";"Series C";"United States";64.0
"ChowNow";"Los Angeles";"Food";100;0.2;"7/13/2022";"Series C";"United States";64.0
"Chrono24";"Karlsruhe";"Retail";65;0.13;"1/30/2023";"Series C";"Germany";205.0
"Chrono24";"Karlsruhe";"Retail";80;0.0;"12/8/2022";"Series C";"Germany";205.0
"Circ";"Berlin";"Transportation";100;0.0;"6/2/2020";"Acquired";"Germany";55.0
"CircleCI";"SF Bay Area";"Product";0;0.17;"12/7/2022";"Series F";"United States";315.0
"Circulo Health";"Columbus";"Healthcare";0;0.5;"6/16/2022";"Series A";"United States";50.0
"Cisco";"SF Bay Area";"Infrastructure";4100;0.05;"11/16/2022";"Post-IPO";"United States";2.0
"Citizen";"New York City";"Consumer";33;0.0;"1/11/2023";"Series C";"United States";133.0
"Citrine Informatics";"SF Bay Area";"Data";22;0.27;"1/20/2023";"Series C";"United States";64.0
"Citrix";"Miami";"Infrastructure";0;0.15;"1/10/2023";"Acquired";"United States";20.0
"CityMall";"Gurugram";"Retail";191;0.3;"6/19/2022";"Series C";"India";112.0
"Clari";"SF Bay Area";"Sales";20;0.0;"2/6/2023";"Series F";"United States";496.0
"Clari";"SF Bay Area";"Sales";45;0.0;"8/31/2022";"Series F";"United States";496.0
"Clarify Health";"SF Bay Area";"Healthcare";15;0.05;"7/22/2022";"Series D";"United States";328.0
"ClassPass";"New York City";"Fitness";154;0.22;"4/2/2020";"Series E";"United States";549.0
"Clear";"Bengaluru";"Finance";190;0.2;"9/16/2022";"Series C";"India";140.0
"Clear Capital";"Reno";"Real Estate";250;0.25;"1/25/2023";"Unknown";"United States";0.0
"Clear Capital";"Reno";"Real Estate";378;0.27;"10/14/2022";"Unknown";"United States";0.0
"Clearbanc";"Toronto";"Finance";17;0.08;"4/13/2020";"Series B";"Canada";119.0
"Clearco";"Toronto";"Finance";125;0.25;"7/29/2022";"Series C";"Canada";681.0
"ClearCo";"Toronto";"Finance";50;0.3;"1/16/2023";"Series C";"Canada";698.0
"Clearco";"Toronto";"Finance";60;0.0;"6/6/2022";"Series C";"Canada";681.0
"CleverTap";"Mumbai";"Marketing";60;0.2;"4/16/2020";"Series C";"India";76.0
"ClickUp";"San Diego";"Other";60;0.07;"5/23/2022";"Series C";"United States";537.0
"Clinc";"Ann Arbor";"Support";40;0.32;"4/9/2020";"Series B";"United States";59.0
"CloudFactory";"Nairobi";"Data";0;0.12;"11/9/2022";"Private Equity";"Kenya";78.0
"Cloudinary";"SF Bay Area";"Media";40;0.08;"11/14/2022";"Unknown";"United States";100.0
"Clue";"Berlin";"Healthcare";31;0.31;"1/18/2023";"Unknown";"Germany";47.0
"Clutch";"Toronto";"Transportation";76;0.22;"6/29/2022";"Series B";"Canada";153.0
"Clutch";"Toronto";"Transportation";150;0.0;"1/17/2023";"Unknown";"Canada";253.0
"Clutter";"Los Angeles";"Consumer";0;0.3;"3/25/2020";"Series D";"United States";296.0
"Clyde";"New York City";"Marketing";22;0.0;"4/25/2022";"Series B";"United States";58.0
"CNET";"SF Bay Area";"Media";12;0.1;"3/2/2023";"Acquired";"United States";20.0
"CoachHub";"Berlin";"HR";0;0.1;"1/24/2023";"Series C";"Germany";332.0
"Code42";"Minneapolis";"Data";25;0.05;"4/9/2020";"Series B";"United States";137.5
"Code42";"Minneapolis";"Security";0;0.15;"11/7/2022";"Unknown";"United States";137.0
"CodeCombat";"SF Bay Area";"Education";8;0.0;"10/23/2020";"Series A";"United States";8.0
"Codexis";"SF Bay Area";"Healthcare";0;0.18;"11/29/2022";"Post-IPO";"United States";162.0
"Coding Dojo";"Seattle";"Education";7;0.07;"4/2/2020";"Unknown";"United States";2.0
"Cogito";"Boston";"Support";24;0.14;"4/6/2020";"Series C";"United States";92.0
"Cognyte";"Tel Aviv";"Security";100;0.05;"12/2/2022";"Unknown";"Israel";0.0
"Coinbase";"SF Bay Area";"Crypto";60;0.0;"11/10/2022";"Post-IPO";"United States";549.0
"Coinbase";"SF Bay Area";"Crypto";950;0.2;"1/10/2023";"Post-IPO";"United States";549.0
"Coinbase";"SF Bay Area";"Crypto";1100;0.18;"6/14/2022";"Post-IPO";"United States";549.0
"CoinDCX";"Mumbai";"Crypto";80;0.0;"1/11/2023";"Series D";"India";244.0
"CoinJar";"Melbourne";"Crypto";10;0.2;"11/29/2022";"Unknown";"Australia";1.0
"Coinsquare";"Toronto";"Crypto";30;0.24;"7/27/2022";"Unknown";"Canada";98.0
"CoinTracker";"SF Bay Area";"Crypto";19;0.0;"1/28/2023";"Series A";"United States";101.0
"Collective Health";"SF Bay Area";"Healthcare";54;0.0;"2/13/2023";"Series F";"United States";719.0
"Color Health";"SF Bay Area";"Healthcare";300;0.0;"3/1/2023";"Series E";"United States";482.0
"Colossus";"Boston";"Energy";97;0.0;"5/4/2022";"Series A";"United States";41.0
"CommerceHub";"Albany";"Retail";371;0.31;"2/14/2023";"Acquired";"United States";0.0
"CommonBond";"New York City";"Finance";0;1.0;"9/9/2022";"Series D";"United States";125.0
"CommonBond";"New York City";"Finance";22;0.0;"5/13/2022";"Series D";"United States";130.0
"Community";"Los Angeles";"Marketing";40;0.3;"6/21/2022";"Unknown";"United States";40.0
"Compass";"New York City";"Real Estate";271;0.0;"9/20/2022";"Post-IPO";"United States";1600.0
"Compass";"New York City";"Real Estate";375;0.15;"3/23/2020";"Series G";"United States";1600.0
"Compass";"New York City";"Real Estate";450;0.1;"6/14/2022";"Post-IPO";"United States";1600.0
"Compete";"Tel Aviv";"HR";11;0.28;"9/12/2022";"Series A";"Israel";17.0
"Confluent";"SF Bay Area";"Data";221;0.08;"1/26/2023";"Post-IPO";"United States";455.0
"Conga";"Denver";"Data";0;0.11;"6/15/2020";"Acquired";"United States";117.0
"Connected";"Toronto";"Product";17;0.1;"4/8/2020";"Unknown";"Canada";0.0
"ConsenSys";"New York City";"Crypto";91;0.14;"4/20/2020";"Unknown";"United States";10.0
"ConsenSys";"New York City";"Crypto";100;0.11;"1/10/2023";"Series D";"United States";726.0
"Consider.co";"SF Bay Area";"Other";13;1.0;"3/26/2020";"Seed";"United States";5.0
"ContaAzul";"Joinville";"Education";140;0.35;"4/17/2020";"Series D";"Brazil";37.0
"ContraFect";"New York City";"Healthcare";16;0.37;"8/15/2022";"Post-IPO";"United States";380.0
"Convene";"New York City";"Real Estate";150;0.18;"3/23/2020";"Series D";"United States";280.0
"Convoy";"Seattle";"Logistics";0;0.01;"4/23/2020";"Series D";"United States";665.0
"Convoy";"Seattle";"Logistics";90;0.07;"6/9/2022";"Series E";"United States";1100.0
"Copper";"SF Bay Area";"Marketing";35;0.0;"4/2/2020";"Series C";"United States";102.0
"Core Scientific";"Austin";"Crypto";0;0.1;"8/12/2022";"Post-IPO";"United States";169.0
"Corvus Insurance";"Boston";"Finance";0;0.14;"1/24/2023";"Series C";"United States";160.0
"Coterie Insurance";"Cincinnati";"Finance";30;0.2;"5/25/2022";"Series B";"United States";70.0
"Crayon";"Boston";"Marketing";20;0.2;"4/1/2020";"Series A";"United States";16.0
"Credit Sesame";"SF Bay Area";"Finance";22;0.14;"6/3/2020";"Series F";"United States";120.0
"Creditas";"Sao Paulo";"Finance";0;0.06;"4/8/2020";"Series D";"Brazil";314.0
"Crejo.Fun";"Bengaluru";"Education";170;1.0;"6/30/2022";"Seed";"India";3.0
"CrowdStreet";"Portland";"Real Estate";24;0.22;"6/1/2020";"Series C";"United States";24.0
"Cruise";"SF Bay Area";"Transportation";150;0.08;"5/14/2020";"Acquired";"United States";5300.0
"Crunchyroll";"Tokyo";"Media";85;0.0;"2/21/2023";"Unknown";"Japan";26.0
"Crypto.com";"Singapore";"Crypto";0;0.2;"1/12/2023";"Unknown";"United States";0.0
"Crypto.com";"Singapore";"Crypto";260;0.05;"6/10/2022";"Unknown";"Singapore";156.0
"Crypto.com";"Singapore";"Crypto";2000;0.3;"10/6/2022";"Unknown";"Singapore";156.0
"CS Disco";"Austin";"Legal";62;0.09;"1/19/2023";"Post-IPO";"United States";233.0
"CTO.ai";"Vancouver";"Infrastructure";30;0.5;"3/20/2020";"Seed";"Canada";7.0
"Cue";"San Diego";"Healthcare";170;0.0;"6/27/2022";"Post-IPO";"United States";999.0
"Cue";"San Diego";"Healthcare";388;0.0;"1/5/2023";"Post-IPO";"United States";999.0
"Culture Amp";"Melbourne";"HR";36;0.08;"5/28/2020";"Series E";"Australia";157.0
"Culture Trip";"London";"Media";95;0.32;"5/1/2020";"Series B";"United Kingdom";102.0
"Curative";"Los Angeles";"Healthcare";109;0.0;"9/20/2022";"Seed";"United States";8.0
"Curefit";"Bengaluru";"Fitness";120;0.0;"7/17/2020";"Series D";"India";404.6
"CureFit";"Bengaluru";"Fitness";800;0.16;"5/4/2020";"Series D";"India";404.0
"Curology";"SF Bay Area";"Healthcare";150;0.0;"3/16/2022";"Series D";"United States";19.0
"Curve";"London";"Finance";65;0.1;"6/1/2022";"Series C";"United Kingdom";182.0
"Cvent";"Washington D.C.";"Marketing";400;0.1;"5/21/2020";"Acquired";"United States";146.0
"Cybereason";"Boston";"Security";100;0.06;"6/1/2022";"Series F";"United States";750.0
"Cybereason";"Boston";"Security";200;0.17;"10/26/2022";"Series F";"United States";750.0
"CyCognito";"SF Bay Area";"Security";30;0.15;"12/8/2022";"Series C";"United States";153.0
"Cyren";"Washington D.C.";"Security";121;0.0;"2/1/2023";"Post-IPO";"United States";161.0
"Cyteir Therapeutics";"Boston";"Healthcare";0;0.7;"1/20/2023";"Series C";"United States";156.0
"D2iQ";"SF Bay Area";"Infrastructure";34;0.13;"4/3/2020";"Series D";"United States";247.0
"D2L";"Waterloo";"Education";0;0.05;"11/16/2022";"Post-IPO";"Canada";168.0
"Daily Harvest";"New York City";"Food";0;0.15;"8/8/2022";"Series D";"United States";120.0
"Daily Harvest";"New York City";"Food";60;0.2;"2/10/2022";"Series D";"United States";120.0
"DailyPay";"New York City";"Finance";0;0.15;"8/9/2022";"Unknown";"United States";814.0
"Daloopa";"New Delhi";"Data";40;0.0;"5/27/2022";"Series A";"India";23.0
"Dance";"Berlin";"Transportation";0;0.16;"11/16/2022";"Unknown";"Germany";63.0
"Daniel Wellington";"Stockholm";"Retail";200;0.15;"6/9/2022";"Unknown";"Sweden";0.0
"Dapper Labs";"Vancouver";"Crypto";0;0.2;"2/23/2023";"Series D";"United States";607.0
"Dapper Labs";"Vancouver";"Crypto";134;0.22;"11/2/2022";"Series D";"United States";607.0
"Daraz";"Singapore";"Retail";0;0.11;"2/6/2023";"Unknown";"Singapore";0.0
"Dark";"SF Bay Area";"Product";6;1.0;"6/23/2020";"Seed";"United States";3.0
"DataRails";"Tel Aviv";"Finance";30;0.18;"12/5/2022";"Series B";"Israel";103.0
"DataRobot";"Boston";"Data";0;0.26;"8/23/2022";"Series G";"United States";1000.0
"DataRobot";"Boston";"Data";70;0.07;"5/11/2022";"Series G";"United States";1000.0
"DataRobot";"Boston";"Data";200;0.0;"3/27/2020";"Series E";"United States";430.0
"DataStax";"SF Bay Area";"Data";15;0.0;"4/14/2020";"Series E";"United States";190.0
"Datera";"SF Bay Area";"Infrastructure";0;0.1;"5/18/2020";"Series C";"United States";63.0
"Dazn";"London";"Consumer";50;0.02;"5/26/2022";"Unknown";"United Kingdom";0.0
"DealShare";"Bengaluru";"Retail";100;0.06;"1/27/2023";"Series E";"India";390.0
"Deep Instinct";"New York City";"Security";0;0.1;"6/6/2022";"Series D";"United States";259.0
"Definitive Healthcare";"Boston";"Healthcare";55;0.06;"1/12/2023";"Post-IPO";"United States";0.0
"Degreed";"SF Bay Area";"Education";0;0.15;"6/29/2022";"Series D";"United States";411.0
"DeHaat";"Patna";"Food";0;0.05;"1/15/2023";"Series E";"India";254.0
"Deliv";"SF Bay Area";"Retail";669;1.0;"5/13/2020";"Series C";"United States";80.0
"Deliveroo";"London";"Food";350;0.09;"2/9/2023";"Post-IPO";"United Kingdom";1700.0
"Deliveroo";"London";"Food";367;0.15;"4/28/2020";"Series G";"United Kingdom";1500.0
"Deliveroo Australia";"Melbourne";"Food";120;1.0;"11/15/2022";"Post-IPO";"Australia";1700.0
"Delivery Hero";"Berlin";"Food";100;0.0;"11/3/2022";"Post-IPO";"Germany";8300.0
"Delivery Hero";"Berlin";"Food";156;0.04;"1/30/2023";"Post-IPO";"Germany";9900.0
"Delivery Hero";"Berlin";"Food";300;0.0;"12/22/2021";"Post-IPO";"Germany";8300.0
"Dell";"Austin";"Hardware";6650;0.05;"2/6/2023";"Post-IPO";"United States";0.0
"Demandbase";"SF Bay Area";"Sales";27;0.03;"9/7/2022";"Series H";"United States";143.0
"Deputy";"Sydney";"HR";60;0.3;"5/4/2020";"Series B";"Australia";106.0
"Descartes Labs";"Santa Fe";"Data";12;0.16;"6/2/2020";"Series B";"United States";58.0
"Desktop Metal";"Boston";"Other";0;0.12;"6/13/2022";"Post-IPO";"United States";811.0
"Devo";"Boston";"Security";0;0.15;"11/21/2022";"Series F";"United States";481.0
"DialSource";"Sacramento";"Marketing";5;0.14;"3/31/2020";"Series B";"United States";26.0
"Digital Currency Gruop";"Stamford";"Crypto";10;0.13;"11/2/2022";"Unknown";"United States";0.0
"Digital Surge";"Brisbane";"Crypto";0;1.0;"12/9/2022";"Unknown";"Australia";0.0
"DigitalOcean";"New York City";"Infrastructure";200;0.11;"2/15/2023";"Post-IPO";"United States";491.0
"DISCO";"Austin";"Legal";75;0.0;"3/27/2020";"Series E";"United States";133.0
"Dispatch";"Boston";"Other";0;0.38;"4/17/2020";"Series A";"United States";18.0
"Divergent 3D";"Los Angeles";"Transportation";57;0.36;"4/24/2020";"Series B";"United States";88.0
"Divvy Homes";"SF Bay Area";"Real Estate";0;0.08;"3/25/2020";"Series B";"United States";180.0
"Divvy Homes";"SF Bay Area";"Real Estate";40;0.12;"9/27/2022";"Series B";"United States";180.0
"divvyDOSE";"Davenport";"Healthcare";62;0.0;"5/6/2022";"Acquired";"United States";0.0
"Dock";"Sao Paulo";"Finance";190;0.12;"11/7/2022";"Private Equity";"Brazil";280.0
"Docly";"London";"Healthcare";8;0.8;"8/19/2020";"Seed";"United Kingdom";15.5
"DocuSign";"SF Bay Area";"Sales";671;0.09;"9/28/2022";"Post-IPO";"United States";536.0
"DocuSign";"SF Bay Area";"Sales";680;0.1;"2/16/2023";"Post-IPO";"United States";536.0
"Doma";"SF Bay Area";"Finance";250;0.13;"8/4/2022";"Post-IPO";"United States";679.0
"Doma";"SF Bay Area";"Finance";310;0.15;"5/10/2022";"Post-IPO";"United States";679.0
"Doma";"SF Bay Area";"Finance";515;0.4;"12/6/2022";"Post-IPO";"United States";679.0
"Domestika";"SF Bay Area";"Education";150;0.19;"4/28/2022";"Series D";"United States";130.0
"Domino Data Lab";"SF Bay Area";"Data";0;0.25;"11/7/2022";"Series F";"United States";223.0
"Domio";"New York City";"Real Estate";0;0.5;"11/18/2020";"Series B";"United States";116.0
"Domio";"New York City";"Travel";0;0.3;"3/31/2020";"Series B";"United States";116.0
"Domo";"Salt Lake City";"Data";90;0.1;"4/9/2020";"Post-IPO";"United States";689.0
"Dooly";"Vancouver";"Sales";12;0.0;"8/9/2022";"Series B";"Canada";102.0
"DoorDash";"SF Bay Area";"Food";1250;0.06;"11/30/2022";"Post-IPO";"United States";2500.0
"Dotscience";"London";"Product";10;1.0;"5/19/2020";"Unknown";"United Kingdom";0.0
"Dover";"SF Bay Area";"Recruiting";23;0.3;"7/26/2022";"Series A";"United States";22.0
"DraftKings";"Boston";"Consumer";140;0.04;"2/1/2023";"Post-IPO";"United States";719.0
"Drift";"Boston";"Marketing";59;0.0;"2/6/2023";"Acquired";"United States";107.0
"Drip";"Salt Lake City";"Marketing";20;0.0;"3/23/2020";"Acquired";"United States";0.0
"DriveWealth";"Jersey City";"Finance";0;0.2;"1/26/2023";"Series D";"United States";550.0
"Drop";"Toronto";"Marketing";24;0.0;"11/1/2022";"Series B";"Canada";56.0
"Dropbox";"SF Bay Area";"Other";315;0.15;"1/13/2021";"Post-IPO";"United States";1700.0
"DSCO";"Salt Lake City";"Retail";12;0.0;"4/3/2020";"Series A";"United States";4.0
"Dude Solutions";"Raleigh";"Other";0;0.2;"4/15/2020";"Acquired";"United States";100.0
"Dukaan";"Bengaluru";"Retail";23;0.0;"10/31/2022";"Series A";"India";17.0
"Dunzo";"Bengaluru";"Food";0;0.03;"1/16/2023";"Unknown";"India";382.0
"Dutchie";"Bend";"Other";50;0.07;"6/6/2022";"Series D";"United States";603.0
"DUX Education";"Bengaluru";"Education";0;1.0;"2/28/2023";"Unknown";"India";0.0
"Dynamic Signal";"SF Bay Area";"HR";35;0.19;"4/2/2020";"Series E";"United States";114.0
"Earnin";"SF Bay Area";"Finance";50;0.2;"4/1/2020";"Series C";"United States";190.0
"Earth Rides";"Nashville";"Transportation";0;1.0;"1/19/2023";"Unknown";"United States";2.0
"EasyPost";"Salt Lake City";"Logistics";75;0.0;"3/11/2020";"Series A";"United States";12.0
"EasyPost";"SF Bay Area";"Logistics";50;0.25;"4/13/2020";"Series A";"United States";12.0
"Eat Just";"SF Bay Area";"Food";40;0.0;"2/24/2023";"Unknown";"United States";465.0
"Eatsy";"Singapore";"Food";20;1.0;"8/8/2020";"Seed";"Singapore";0.9755
"Eaze";"SF Bay Area";"Consumer";25;0.0;"6/1/2022";"Series D";"United States";202.0
"Ebanx";"Curitiba";"Finance";62;0.08;"5/27/2020";"Unknown";"Brazil";30.0
"Ebanx";"Curitiba";"Finance";340;0.2;"6/21/2022";"Series B";"Brazil";460.0
"eBay";"SF Bay Area";"Retail";500;0.04;"2/7/2023";"Post-IPO";"United States";1200.0
"Ecobee";"Toronto";"Energy";47;0.1;"3/26/2020";"Series C";"Canada";149.0
"Eden / Managed By Q";"New York City";"Real Estate";40;0.4;"4/8/2020";"Series B";"United States";40.0
"Edgio";"Phoenix";"Infrastructure";95;0.1;"12/13/2022";"Post-IPO";"United States";462.0
"Edifecs";"Seattle";"Healthcare";30;0.0;"1/20/2023";"Unknown";"United States";1.0
"Editas Medicine";"Boston";"Healthcare";0;0.2;"1/9/2023";"Post-IPO";"United States";656.0
"Edmodo";"SF Bay Area";"Education";0;1.0;"8/16/2022";"Acquired";"United States";77.0
"eGym";"Munich";"Fitness";100;0.25;"4/2/2020";"Series D";"Germany";109.0
"Eight Sleep";"New York City";"Retail";0;0.2;"3/23/2020";"Series C";"United States";70.0
"Ejento";"SF Bay Area";"Recruiting";84;1.0;"3/19/2020";"Unknown";"United States";0.0
"Elastic";"SF Bay Area";"Data";0;0.13;"11/30/2022";"Post-IPO";"United States";162.0
"Electric";"New York City";"Other";81;0.0;"8/30/2022";"Series D";"United States";212.0
"Electric";"New York City";"Other";141;0.25;"2/13/2023";"Series D";"United States";212.0
"Electronic Arts";"Baton Rouge";"Consumer";200;0.0;"2/28/2023";"Post-IPO";"United States";2.0
"Element";"London";"Other";0;0.15;"12/25/2022";"Series B";"United Kingdom";96.0
"Element AI";"Montreal";"Other";62;0.15;"5/4/2020";"Series B";"Canada";257.0
"Element Analytics";"SF Bay Area";"Data";10;0.0;"3/25/2020";"Series A";"United States";22.0
"Elementor";"Tel Aviv";"Media";60;0.15;"6/15/2022";"Unknown";"Israel";65.0
"Elinvar";"Berlin";"Finance";43;0.33;"10/21/2022";"Unknown";"Germany";30.0
"Elliptic";"London";"Crypto";0;0.3;"4/9/2020";"Series B";"United Kingdom";40.0
"Embark";"Boston";"Healthcare";41;0.0;"1/11/2023";"Series B";"United States";94.0
"Embark Trucks";"SF Bay Area";"Transportation";230;0.7;"3/3/2023";"Post-IPO";"United States";317.0
"Embroker";"SF Bay Area";"Finance";30;0.12;"10/25/2022";"Series C";"United States";142.0
"Emotive";"Los Angeles";"Marketing";30;0.18;"7/7/2022";"Series B";"United States";78.0
"EMX Digital";"New York City";"Marketing";100;1.0;"2/13/2023";"Unknown";"United States";0.0
"Engine eCommerce";"Fayetteville";"Retail";0;1.0;"6/28/2020";"Unknown";"United States";4.0
"Enjoei";"Sao Paulo";"Retail";31;0.1;"1/20/2023";"Unknown";"Brazil";14.0
"Enjoy";"SF Bay Area";"Retail";400;0.18;"6/30/2022";"Post-IPO";"United States";310.0
"Envato";"Melbourne";"Marketing";100;0.0;"6/2/2022";"Unknown";"Australia";0.0
"Envoy";"SF Bay Area";"HR";58;0.3;"4/14/2020";"Series B";"United States";59.0
"Equitybee";"SF Bay Area";"Finance";24;0.25;"2/8/2023";"Series B";"United States";85.0
"Equitybee";"SF Bay Area";"Finance";25;0.2;"10/31/2022";"Series B";"United States";85.0
"EquityZen";"New York City";"Finance";30;0.27;"10/31/2022";"Series B";"United States";11.0
"Ericsson";"Stockholm";"Other";8500;0.08;"2/24/2023";"Post-IPO";"Sweden";663.0
"Ermetic";"SF Bay Area";"Security";30;0.17;"1/23/2023";"Series B";"United States";97.0
"Eruditus";"Mumbai";"Education";40;0.0;"6/4/2022";"Series E";"India";1200.0
"Esper";"Seattle";"Other";0;0.12;"6/23/2022";"Series A";"United States";10.0
"Esper";"Seattle";"Other";0;0.21;"1/10/2023";"Series A";"United States";10.0
"Etermax";"Buenos Aires";"Other";40;0.0;"11/30/2022";"Unknown";"Argentina";0.0
"Ethos Life";"SF Bay Area";"Finance";18;0.14;"6/5/2020";"Series C";"United States";106.0
"Ethos Life";"SF Bay Area";"Finance";40;0.12;"6/24/2022";"Series D";"United States";406.0
"Ethos Life";"SF Bay Area";"Finance";50;0.0;"2/21/2023";"Series D";"United States";406.0
"eToro";"Tel Aviv";"Finance";100;0.06;"7/5/2022";"Unknown";"Israel";322.0
"Eucalyptus";"Sydney";"Healthcare";50;0.2;"7/22/2022";"Series C";"United States";69.0
"Eventbrite";"SF Bay Area";"Consumer";80;0.08;"2/28/2023";"Post-IPO";"United States";557.0
"Eventbrite";"SF Bay Area";"Consumer";500;0.45;"4/8/2020";"Post-IPO";"United States";332.0
"EverBridge";"Boston";"Other";200;0.0;"11/8/2022";"Post-IPO";"United States";476.0
"Everlane";"SF Bay Area";"Retail";30;0.17;"1/5/2023";"Unknown";"United States";176.0
"Everlane";"SF Bay Area";"Retail";227;0.0;"3/27/2020";"Unknown";"United States";18.0
"Evernote";"SF Bay Area";"Consumer";129;0.0;"2/17/2023";"Acquired";"United States";290.0
"EVgo";"Los Angeles";"Transportation";40;0.0;"2/23/2023";"Post-IPO";"United States";400.0
"Exodus";"Nebraska City";"Crypto";59;0.22;"11/4/2022";"Unknown";"United States";60.0
"Exotel";"Bengaluru";"Support";142;0.15;"1/17/2023";"Series D";"India";87.0
"Expert360";"Sydney";"Recruiting";7;0.0;"8/11/2022";"Series C";"Australia";26.0
"Exterro";"Portland";"Legal";24;0.03;"2/1/2023";"Private Equity";"United States";100.0
"ezCater";"Boston";"Food";400;0.44;"4/7/2020";"Series D";"United States";319.0
"F5";"Seattle";"Security";100;0.01;"10/21/2022";"Post-IPO";"United States";0.0
"FabHotels";"New Delhi";"Travel";80;0.2;"3/30/2020";"Series B";"India";48.0
"Fabric";"New York City";"Logistics";120;0.4;"7/13/2022";"Series C";"United States";336.0
"Facily";"Sao Paulo";"Retail";260;0.3;"4/20/2022";"Series D";"Brazil";502.0
"Faire";"SF Bay Area";"Retail";84;0.07;"10/18/2022";"Series G";"United States";1700.0
"Fandom";"SF Bay Area";"Media";0;0.14;"4/30/2020";"Series E";"United States";145.0
"Fareportal";"Gurugram";"Travel";200;0.0;"3/26/2020";"Unknown";"India";0.0
"FarEye";"New Delhi";"Logistics";90;0.0;"2/3/2023";"Series E";"India";150.0
"FarEye";"New Delhi";"Logistics";250;0.3;"6/10/2022";"Series E";"India";150.0
"Fast";"SF Bay Area";"Finance";0;1.0;"4/5/2022";"Series B";"United States";124.0
"Fate Therapeutics";"San Diego";"Healthcare";315;0.57;"1/9/2023";"Post-IPO";"United States";1200.0
"Favo";"Sao Paulo";"Food";170;0.0;"6/2/2022";"Series A";"Brazil";31.0
"Faze Medicines";"Boston";"Healthcare";0;1.0;"11/9/2022";"Series B";"United States";81.0
"Fifth Season";"Pittsburgh";"Food";100;1.0;"10/28/2022";"Series B";"United States";35.0
"Finder";"Sydney";"Retail";0;0.15;"2/3/2023";"Unknown";"Australia";30.0
"Finite State";"Columbus";"Security";16;0.2;"6/17/2022";"Series B";"United States";49.0
"Finleap Connect";"Hamburg";"Finance";14;0.1;"6/30/2022";"Series A";"Germany";22.0
"Fipola";"Chennai";"Food";0;1.0;"2/20/2023";"Series A";"United States";9.0
"Fireblocks";"New York City";"Crypto";30;0.05;"2/20/2023";"Series E";"United States";1000.0
"Firework";"SF Bay Area";"Retail";0;0.1;"11/29/2022";"Series B";"United States";269.0
"FiscalNote";"Washington D.C.";"Media";30;0.0;"4/2/2020";"Series D";"United States";50.0
"Fittr";"Pune";"Fitness";30;0.11;"3/2/2023";"Series A";"India";13.0
"Fiverr";"Tel Aviv";"Other";60;0.08;"7/26/2022";"Post-IPO";"Israel";111.0
"Fivetran";"SF Bay Area";"Data";0;0.05;"10/4/2022";"Series D";"United States";0.0
"Flatiron School";"New York City";"Education";100;0.0;"5/6/2020";"Acquired";"United States";15.0
"Flexport";"SF Bay Area";"Logistics";640;0.2;"1/11/2023";"Series E";"United States";2400.0
"Flipboard";"SF Bay Area";"Media";24;0.21;"10/16/2022";"Unknown";"United States";235.0
"Flockjay";"SF Bay Area";"Education";37;0.5;"8/24/2021";"Series A";"United States";14.0
"Flowhub";"Denver";"Retail";0;0.15;"9/9/2022";"Unknown";"United States";45.0
"Flowr";"Toronto";"Retail";0;0.25;"3/24/2020";"Unknown";"Canada";0.0
"Fluke";"Sao Paulo";"Other";83;0.82;"8/17/2022";"Seed";"Brazil";0.0
"Flux Systems";"London";"Finance";0;1.0;"10/14/2022";"Unknown";"United Kingdom";9.0
"Flyhomes";"Seattle";"Real Estate";200;0.2;"7/20/2022";"Series C";"United States";310.0
"Flyhomes";"Seattle";"Real Estate";300;0.4;"11/9/2022";"Series C";"United States";310.0
"Flymya";"Yangon";"Travel";200;0.33;"4/1/2020";"Unknown";"Myanmar";0.0
"Flytedesk";"Boulder";"Marketing";4;0.2;"3/18/2020";"Seed";"United States";4.0
"Flywheel Sports";"New York City";"Fitness";784;0.98;"3/20/2020";"Acquired";"United States";120.0
"Flywire";"Boston";"Finance";60;0.12;"5/7/2020";"Series E";"United States";263.0
"Food52";"New York City";"Food";20;0.1;"4/8/2022";"Acquired";"United States";176.0
"Food52";"New York City";"Food";21;0.15;"6/3/2022";"Acquired";"United States";176.0
"Foodpanda";"Bucharest";"Food";80;0.0;"5/26/2022";"Acquired";"Romania";749.0
"Foodpanda";"Singapore";"Food";60;0.0;"9/7/2022";"Acquired";"Singapore";749.0
"Foodsby";"Minneapolis";"Food";87;0.67;"3/24/2020";"Series B";"United States";20.0
"ForeScout";"SF Bay Area";"Security";100;0.1;"1/10/2023";"Post-IPO";"United States";125.0
"Foresight Insurance";"SF Bay Area";"Finance";0;0.4;"10/6/2022";"Series B";"United States";58.0
"Forma.ai";"Toronto";"Sales";15;0.09;"7/20/2022";"Series B";"Canada";58.0
"Forto";"Berlin";"Logistics";60;0.08;"11/11/2022";"Series D";"United States";593.0
"Forward";"SF Bay Area";"Healthcare";0;0.05;"7/11/2022";"Series D";"United States";225.0
"Forward";"SF Bay Area";"Healthcare";10;0.03;"4/20/2020";"Series C";"United States";100.0
"FourKites";"Chicago";"Logistics";60;0.08;"8/11/2022";"Series D";"United States";201.0
"Foxtrot";"Chicago";"Food";26;0.035;"9/23/2022";"Series C";"United States";166.0
"Fraazo";"Mumbai";"Food";150;0.0;"7/12/2022";"Series B";"India";63.0
"Freetrade";"London";"Finance";45;0.15;"6/10/2022";"Unknown";"United Kingdom";133.0
"Frequency Therapeutics";"Boston";"Healthcare";0;0.5;"2/1/2023";"Post-IPO";"United States";76.0
"Freshbooks";"Toronto";"Finance";38;0.09;"4/21/2020";"Series B";"Canada";75.0
"FreshDirect";"Philadelphia";"Food";40;0.0;"8/25/2022";"Acquired";"United States";280.0
"Freshly";"New York City";"Food";0;0.25;"7/18/2022";"Acquired";"United States";107.0
"Freshly";"Phoenix";"Food";329;0.0;"12/12/2022";"Acquired";"United States";107.0
"Freshworks";"SF Bay Area";"Support";90;0.02;"12/15/2022";"Post-IPO";"United States";484.0
"Frontdesk";"Milwaukee";"Travel";35;0.16;"4/10/2020";"Unknown";"United States";3.0
"FrontRow";"Bengaluru";"Education";130;0.75;"10/12/2022";"Series A";"India";17.0
"FrontRow";"Bengaluru";"Education";145;0.3;"5/27/2022";"Series A";"India";17.0
"Frubana";"Bogota";"Food";0;0.03;"6/21/2022";"Series C";"Colombia";202.0
"FullStory";"Atlanta";"Marketing";0;0.12;"9/13/2022";"Unknown";"United States";197.0
"Fundbox";"SF Bay Area";"Finance";14;0.15;"6/2/2020";"Series C";"United States";453.0
"Fundbox";"SF Bay Area";"Finance";150;0.42;"10/25/2022";"Series D";"United States";553.0
"Funding Circle";"SF Bay Area";"Finance";85;0.0;"7/8/2020";"Post-IPO";"United States";746.0
"Funding Societies";"Singapore";"Finance";65;0.18;"4/16/2020";"Series B";"Singapore";42.0
"Furlenco";"Bengaluru";"Retail";180;0.0;"3/26/2022";"Series D";"India";228.0
"G/O Media Group";"New York City";"Media";14;0.05;"4/3/2020";"Unknown";"United States";0.0
"G2";"Chicago";"Marketing";17;0.05;"6/30/2020";"Series C";"United States";100.8
"Gather";"SF Bay Area";"Consumer";30;0.33;"6/2/2022";"Series B";"United States";76.0
"Gatherly";"Atlanta";"Marketing";0;0.5;"7/31/2022";"";"United States";0.0
"Gavelytics";"Los Angeles";"Legal";0;1.0;"6/30/2022";"Seed";"United States";5.0
"Geekwire";"Seattle";"Media";5;0.31;"4/10/2020";"Unknown";"United States";0.0
"Gem";"SF Bay Area";"Recruiting";100;0.33;"11/1/2022";"Series C";"United States";148.0
"Gemini";"New York City";"Crypto";0;0.1;"1/23/2023";"Unknown";"United States";423.0
"Gemini";"New York City";"Crypto";100;0.1;"6/2/2022";"Unknown";"United States";423.0
"Gemini";"New York City";"Crypto";68;0.07;"7/18/2022";"Unknown";"United States";423.0
"Genesis";"New York City";"Crypto";52;0.2;"8/17/2022";"Series A";"United States";0.0
"Genesis";"New York City";"Crypto";60;0.3;"1/5/2023";"Series A";"United States";0.0
"Genome Medical";"SF Bay Area";"Healthcare";23;0.0;"9/8/2022";"Series C";"United States";120.0
"Getaround";"SF Bay Area";"Transportation";0;0.1;"2/2/2023";"Post-IPO";"United States";948.0
"Getaround";"SF Bay Area";"Transportation";100;0.25;"3/27/2020";"Series D";"United States";403.0
"Getir";"Istanbul";"Food";0;0.14;"5/25/2022";"Series E";"Turkey";1800.0
"Getir";"New York City";"Food";100;0.0;"2/2/2023";"Series E";"United States";1800.0
"GetNinjas";"Sao Paulo";"Consumer";11;0.1;"4/8/2020";"Series B";"Brazil";16.0
"Getta";"Tel Aviv";"Transportation";30;0.0;"5/31/2022";"Series A";"Israel";49.0
"GetYourGuide";"Berlin";"Travel";90;0.17;"10/14/2020";"Series E";"Germany";656.0
"GitHub";"SF Bay Area";"Product";0;0.1;"2/9/2023";"Acquired";"United States";350.0
"GitLab";"SF Bay Area";"Product";130;0.07;"2/9/2023";"Post-IPO";"United States";413.0
"Gitpod";"Kiel";"Product";21;0.28;"1/24/2023";"Series A";"Germany";41.0
"Glassdoor";"SF Bay Area";"Recruiting";300;0.3;"5/7/2020";"Acquired";"United States";204.0
"Glints";"Singapore";"HR";198;0.18;"12/8/2022";"Series D";"Singapore";82.0
"Glitch";"New York City";"Product";18;0.36;"5/21/2020";"Series A";"United States";30.0
"GloriFi";"Dallas";"Finance";0;1.0;"11/21/2022";"Unknown";"United States";0.0
"Glossier";"New York City";"Consumer";80;0.33;"1/26/2022";"Series E";"United States";266.0
"Glossier";"New York City";"Retail";19;0.08;"8/2/2022";"Series E";"United States";266.0
"Glossier";"New York City";"Retail";150;0.38;"8/7/2020";"Series D";"United States";186.4
"Glovo";"Barcelona";"Food";250;0.06;"1/30/2023";"Acquired";"Spain";1200.0
"GoBear";"Singapore";"Finance";22;0.11;"9/1/2020";"Unknown";"Singapore";97.0
"GoBolt";"Toronto";"Logistics";55;0.05;"1/10/2023";"Series C";"Canada";178.0
"GoDaddy";"Austin";"Marketing";451;0.06;"6/24/2020";"Post-IPO";"United States";0.0
"GoDaddy";"Phoenix";"Marketing";530;0.08;"2/8/2023";"Post-IPO";"United States";800.0
"GoFundMe";"SF Bay Area";"Finance";94;0.12;"10/26/2022";"Series A";"United States";0.0
"GoHealth";"Chicago";"Healthcare";800;0.2;"8/9/2022";"Post-IPO";"United States";75.0
"Gojek";"Jakarta";"Transportation";430;0.09;"6/23/2020";"Series F";"Indonesia";4800.0
"Gokada";"Lagos";"Transportation";20;0.0;"11/14/2022";"Unknown";"Nigeria";12.0
"Gokada";"Lagos";"Transportation";54;0.0;"1/31/2023";"Unknown";"Nigeria";12.0
"GoMechanic";"Gurugram";"Transportation";0;0.7;"1/17/2023";"Series C";"India";54.0
"Gong";"SF Bay Area";"Sales";80;0.07;"2/8/2023";"Series E";"United States";583.0
"GoNuts";"Mumbai";"Media";0;1.0;"10/27/2022";"Seed";"India";0.0
"Goodfood";"Calgary";"Food";70;0.0;"4/7/2022";"Post-IPO";"Canada";16.0
"GoodGood";"Toronto";"Retail";0;1.0;"11/23/2022";"Seed";"Canada";6.0
"GoodRx";"Los Angeles";"Healthcare";140;0.16;"8/31/2022";"Post-IPO";"United States";910.0
"Google";"SF Bay Area";"Consumer";12000;0.06;"1/20/2023";"Post-IPO";"United States";26.0
"GoPro";"SF Bay Area";"Consumer";200;0.2;"4/15/2020";"Post-IPO";"United States";288.0
"Gopuff";"Philadelphia";"Food";100;0.0;"1/26/2022";"Series H";"United States";3400.0
"Gopuff";"Philadelphia";"Food";250;0.0;"10/19/2022";"Series H";"United States";3400.0
"Gopuff";"Philadelphia";"Food";450;0.03;"3/29/2022";"Series H";"United States";3400.0
"Gopuff";"Philadelphia";"Food";1500;0.1;"7/12/2022";"Series H";"United States";3400.0
"Gorillas";"Berlin";"Food";300;0.5;"5/24/2022";"Series C";"Germany";1300.0
"Gorillas";"Berlin";"Food";540;0.0;"7/3/2022";"Series C";"Germany";1300.0
"GoSpotCheck";"Denver";"Retail";23;0.2;"3/26/2020";"Series B";"United States";47.0
"GoStudent";"Vienna";"Education";100;0.0;"12/14/2022";"Series D";"Austria";686.0
"GoStudent";"Vienna";"Education";200;0.0;"9/8/2022";"Series D";"Austria";686.0
"GoTo Group";"Jakarta";"Transportation";1300;0.12;"11/10/2022";"Post-IPO";"Indonesia";1300.0
"Grab";"Singapore";"Transportation";360;0.05;"6/16/2020";"Series I";"Singapore";9900.0
"Gramophone";"Indore";"Food";75;0.0;"1/16/2023";"Series B";"India";17.0
"GrayMeta";"Los Angeles";"Data";20;0.4;"3/23/2020";"Unknown";"United States";7.0
"Greenhouse Software";"New York City";"Recruiting";120;0.28;"4/17/2020";"Series D";"United States";110.0
"Greenlight";"Atlanta";"Finance";104;0.21;"1/12/2023";"Series D";"United States";556.0
"Grin";"Sacramento";"Marketing";60;0.13;"11/30/2022";"Series B";"United States";145.0
"Group Nine Media";"New York City";"Media";50;0.07;"4/7/2020";"Unknown";"United States";190.0
"Groupon";"Chicago";"Retail";500;0.0;"1/30/2023";"Post-IPO";"United States";1400.0
"Groupon";"Chicago";"Retail";500;0.15;"8/8/2022";"Post-IPO";"United States";1400.0
"Groupon";"Chicago";"Retail";2800;0.44;"4/13/2020";"Post-IPO";"United States";1400.0
"Grove Collaborative";"SF Bay Area";"Retail";0;0.17;"3/19/2022";"Series E";"United States";474.0
"Grover";"Berlin";"Retail";40;0.1;"12/7/2022";"Unknown";"United States";2300.0
"Guardant Health";"SF Bay Area";"Healthcare";130;0.07;"1/25/2023";"Post-IPO";"United States";550.0
"Guidewire";"SF Bay Area";"Finance";0;0.02;"8/11/2022";"Post-IPO";"United States";24.0
"GumGum";"Los Angeles";"Marketing";90;0.25;"4/20/2020";"Series D";"United States";58.0
"Gusto";"SF Bay Area";"HR";126;0.05;"2/8/2023";"Series E";"United States";746.0
"Gympass";"Sao Paulo";"Fitness";467;0.33;"4/3/2020";"Series D";"Brazil";300.0
"HackerEarth";"SF Bay Area";"HR";0;0.08;"2/14/2023";"Series B";"United States";11.0
"Halcyon Health";"New York City";"Healthcare";0;1.0;"4/15/2022";"Unknown";"United States";2.0
"Happy Money";"Los Angeles";"Finance";158;0.34;"11/30/2022";"Series D";"United States";191.0
"Harappa";"New Delhi";"Education";60;0.3;"1/3/2023";"Acquired";"India";0.0
"Hash";"Sao Paulo";"Finance";58;0.5;"8/1/2022";"Series C";"Brazil";58.0
"HashiCorp";"SF Bay Area";"Security";69;0.0;"1/11/2023";"Post-IPO";"United States";349.0
"Haus";"SF Bay Area";"Food";0;1.0;"8/9/2022";"Seed";"United States";7.0
"Havenly";"Denver";"Consumer";5;0.0;"7/1/2020";"Series C";"United States";57.8
"Headspace";"Los Angeles";"Healthcare";50;0.04;"12/14/2022";"Unknown";"United States";215.0
"Healthcare.com";"Miami";"Healthcare";149;0.0;"8/3/2022";"Series C";"United States";244.0
"HealthifyMe";"Bengaluru";"Fitness";150;0.0;"12/3/2022";"Series C";"India";100.0
"HealthMatch";"Sydney";"Healthcare";18;0.5;"6/28/2022";"Series B";"Australia";20.0
"Hedvig";"Stockholm";"Finance";12;0.0;"9/1/2022";"Series B";"Sweden";67.0
"HelloFresh";"SF Bay Area";"Food";611;0.0;"10/10/2022";"Post-IPO";"United States";367.0
"Help.com";"Austin";"Support";16;1.0;"3/16/2020";"Seed";"United States";6.0
"Her Campus Media";"Boston";"Media";10;0.18;"6/10/2020";"Unknown";"United States";0.0
"Heroes";"London";"Retail";24;0.2;"7/15/2022";"Unknown";"United States";265.0
"Heycar";"Berlin";"Transportation";73;0.0;"1/27/2023";"Unknown";"Germany";0.0
"Hibob";"Tel Aviv";"HR";70;0.3;"3/30/2020";"Series A";"Israel";45.0
"HighRadius";"Bengaluru";"Finance";25;0.0;"11/9/2022";"Series C";"India";475.0
"Highsnobiety";"Berlin";"Media";51;0.25;"4/1/2020";"Series A";"Germany";8.5
"Highspot";"Seattle";"Sales";100;0.1;"2/2/2023";"Series F";"United States";644.0
"Hipcamp";"SF Bay Area";"Travel";0;0.6;"4/20/2020";"Series B";"United States";40.5
"Hippo Insurance";"SF Bay Area";"Finance";70;0.1;"8/31/2022";"Post-IPO";"United States";1300.0
"Hirect";"Bengaluru";"Recruiting";200;0.4;"11/28/2022";"Series A";"India";0.0
"Hireology";"Chicago";"Recruiting";36;0.17;"5/12/2020";"Series D";"United States";52.0
"Hodlnaut";"Singapore";"Crypto";40;0.8;"8/19/2022";"Unknown";"Singapore";0.0
"Hologram";"Chicago";"Infrastructure";80;0.4;"6/9/2022";"Series B";"United States";82.0
"Homebot";"Denver";"Real Estate";18;0.13;"12/19/2022";"Acquired";"United States";4.0
"HomeLight";"SF Bay Area";"Real Estate";0;0.19;"6/29/2022";"Series D";"United States";743.0
"Homepoint";"Phoenix";"Real Estate";113;0.0;"11/17/2022";"Post-IPO";"United States";0.0
"Homeward";"Austin";"Real Estate";0;0.2;"8/10/2022";"Series B";"United States";160.0
"Homeward";"Austin";"Real Estate";0;0.25;"11/16/2022";"Unknown";"United States";501.0
"Homie";"Salt Lake City";"Real Estate";40;0.13;"10/4/2022";"Series B";"United States";35.0
"Homie";"Salt Lake City";"Real Estate";119;0.29;"2/14/2022";"Series B";"United States";35.0
"HOOQ";"Singapore";"Consumer";250;1.0;"3/27/2020";"Unknown";"Singapore";95.0
"Hootsuite";"Vancouver";"Marketing";50;0.05;"11/1/2022";"Series C";"Canada";300.0
"Hootsuite";"Vancouver";"Marketing";70;0.07;"1/18/2023";"Series C";"Canada";300.0
"Hootsuite";"Vancouver";"Marketing";400;0.3;"8/9/2022";"Series C";"Canada";300.0
"Hopin";"London";"Other";0;0.17;"11/16/2022";"Series D";"United Kingdom";1000.0
"Hopin";"London";"Other";138;0.12;"2/10/2022";"Series D";"United States";1000.0
"Hopin";"London";"Other";242;0.29;"7/11/2022";"Series D";"United Kingdom";1000.0
"HopSkipDrive";"Los Angeles";"Transportation";8;0.1;"3/13/2020";"Unknown";"United States";45.0
"Horizn Studios";"Berlin";"Travel";15;0.25;"4/24/2020";"Series B";"Germany";30.0
"Hotmart";"Belo Horizonte";"Marketing";227;0.12;"10/20/2022";"Series C";"Brazil";127.0
"Houzz";"SF Bay Area";"Consumer";95;0.08;"12/7/2022";"Series E";"United States";613.0
"Houzz";"SF Bay Area";"Consumer";155;0.1;"4/21/2020";"Series E";"United States";613.0
"HP";"Tel Aviv";"Hardware";100;0.0;"2/19/2023";"Post-IPO";"Israel";4200.0
"Hubba";"Toronto";"Retail";45;1.0;"2/1/2021";"Series B";"Canada";61.0
"HubHaus";"SF Bay Area";"Real Estate";0;1.0;"9/11/2020";"Series A";"United States";13.4
"Hubilo";"SF Bay Area";"Marketing";45;0.12;"7/12/2022";"Series B";"United States";153.0
"Hubilo";"SF Bay Area";"Other";115;0.35;"1/19/2023";"Series B";"United States";153.0
"HubSpot";"Boston";"Marketing";500;0.07;"1/31/2023";"Post-IPO";"United States";100.0
"HuffPo";"New York City";"Media";47;0.0;"3/9/2021";"Acquired";"United States";37.0
"Humble";"SF Bay Area";"Media";10;0.0;"4/15/2022";"Acquired";"United States";4.0
"Humu";"SF Bay Area";"HR";26;0.0;"4/2/2020";"Series B";"United States";40.0
"Hunty";"Bogota";"HR";30;0.0;"6/14/2022";"Seed";"Colombia";6.0
"Huobi";"Beijing";"Crypto";275;0.2;"1/6/2023";"Unknown";"China";2.0
"Huobi";"Beijing";"Crypto";300;0.3;"6/28/2022";"Unknown";"China";2.0
"Hydrow";"Boston";"Fitness";0;0.35;"7/18/2022";"Series D";"United States";269.0
"Hydrow";"Boston";"Fitness";30;0.0;"1/19/2023";"Series D";"United States";269.0
"Hyperscience";"New York City";"Data";100;0.25;"3/3/2022";"Series E";"United States";289.0
"IBM";"New York City";"Hardware";3900;0.02;"1/25/2023";"Post-IPO";"United States";0.0
"Ibotta";"Denver";"Retail";87;0.15;"4/7/2020";"Series D";"United States";85.0
"ID.me";"Washington D.C.";"Security";130;0.0;"6/7/2022";"Unknown";"United States";275.0
"Ideoclick";"Seattle";"Retail";40;0.0;"5/4/2022";"Series A";"United States";7.0
"iFit";"Logan";"Fitness";300;0.2;"11/14/2022";"Private Equity";"United States";200.0
"Iflix";"Kuala Lumpur";"Consumer";50;0.12;"4/4/2020";"Unknown";"Malaysia";348.0
"iFood";"Sao Paulo";"Food";355;0.06;"3/1/2023";"Subsidiary";"Brazil";2100.0
"Ignite";"SF Bay Area";"Crypto";0;0.5;"7/11/2022";"Series A";"United States";9.0
"Ignition";"Sydney";"Finance";0;0.1;"1/16/2023";"Series C";"Australia";74.0
"Ike";"SF Bay Area";"Transportation";10;0.14;"4/22/2020";"Series A";"United States";52.0
"Illumina";"San Diego";"Healthcare";500;0.05;"11/14/2022";"Post-IPO";"United States";28.0
"Immersive Labs";"Bristol";"Security";38;0.1;"8/30/2022";"Series C";"United Kingdom";123.0
"Immutable";"Sydney";"Crypto";0;0.11;"2/22/2023";"Series C";"Australia";279.0
"Immutable";"Sydney";"Crypto";20;0.06;"7/26/2022";"Series C";"Australia";279.0
"Impact.com";"Los Angeles";"Marketing";0;0.1;"8/25/2022";"Private Equity";"United States";361.0
"Impala";"London";"Travel";30;0.35;"6/1/2022";"Series B";"United Kingdom";32.0
"Imperfect Foods";"SF Bay Area";"Food";50;0.0;"7/29/2022";"Series D";"United States";229.0
"Impossible Foods";"SF Bay Area";"Food";50;0.06;"10/6/2022";"Series H";"United States";1900.0
"Impossible Foods copy";"SF Bay Area";"Food";140;0.2;"1/30/2023";"Series H";"United States";1900.0
"Improbable";"London";"Other";0;0.1;"12/16/2022";"Unknown";"United Kingdom";704.0
"Incredible Health";"SF Bay Area";"Healthcare";9;0.4;"4/1/2020";"Series A";"United States";15.0
"InDebted";"Sydney";"Finance";40;0.17;"7/26/2022";"Series B";"Australia";41.0
"Indigo";"Boston";"Other";80;0.0;"2/9/2021";"Series F";"United States";1200.0
"Industrious";"New York City";"Real Estate";90;0.2;"4/2/2020";"Series D";"United States";222.0
"Infarm";"Berlin";"Other";50;0.05;"9/14/2022";"Series D";"Germany";604.0
"Infarm";"Berlin";"Other";500;0.5;"11/28/2022";"Series D";"Germany";604.0
"InfluxData";"SF Bay Area";"Data";65;0.27;"11/10/2022";"Series D";"United States";119.0
"Informatica";"SF Bay Area";"Data";450;0.07;"1/10/2023";"Post-IPO";"United States";0.0
"InfoSum";"London";"Security";20;0.12;"10/19/2022";"Series B";"United Kingdom";88.0
"Inmobi";"Bengaluru";"Marketing";50;0.0;"1/23/2023";"Unknown";"India";320.0
"Innovaccer";"SF Bay Area";"Healthcare";90;0.08;"9/1/2022";"Series E";"United States";379.0
"Innovaccer";"SF Bay Area";"Healthcare";245;0.15;"1/24/2023";"Series E";"United States";379.0
"Innovid";"New York City";"Marketing";40;0.1;"1/23/2023";"Post-IPO";"United States";295.0
"Inscripta";"Boulder";"Healthcare";43;0.0;"12/8/2022";"Series E";"United States";459.0
"Inspirato";"Denver";"Travel";109;0.12;"1/18/2023";"Post-IPO";"United States";179.0
"Inspirato";"Denver";"Travel";130;0.22;"3/16/2020";"Series C";"United States";79.0
"Instacart";"SF Bay Area";"Food";1877;0.0;"1/21/2021";"Unknown";"United States";2400.0
"Instamojo";"Bengaluru";"Finance";6;0.06;"4/2/2020";"Unknown";"India";8.0
"Instructure";"Salt Lake City";"Education";150;0.12;"5/27/2020";"Acquired";"United States";89.0
"Intapp";"SF Bay Area";"Legal";45;0.05;"5/18/2020";"Private Equity";"United States";0.0
"Integral Ad Science";"New York City";"Marketing";70;0.1;"5/14/2020";"Acquired";"United States";116.0
"Integral Ad Science";"New York City";"Marketing";120;0.13;"12/7/2022";"Acquired";"United States";116.0
"Integrate.ai";"Toronto";"Support";26;0.0;"6/9/2020";"Unknown";"Canada";39.6
"Intel";"SF Bay Area";"Hardware";201;0.0;"12/6/2022";"Post-IPO";"United States";12.0
"Intel";"SF Bay Area";"Hardware";343;0.0;"1/30/2023";"Post-IPO";"United States";12.0
"Intercom";"SF Bay Area";"Support";39;0.06;"5/20/2020";"Series D";"United States";240.0
"Intercom";"SF Bay Area";"Support";49;0.05;"9/7/2022";"Series D";"United States";240.0
"Intercom";"SF Bay Area";"Support";124;0.13;"11/14/2022";"Series D";"United States";240.0
"Intersect";"Toronto";"Product";19;0.11;"5/13/2020";"Acquired";"Canada";0.0
"Intrinsic";"SF Bay Area";"Other";40;0.2;"1/11/2023";"Acquired";"United States";0.0
"Introhive";"Ferdericton";"Sales";57;0.16;"7/20/2022";"Series C";"Canada";125.0
"Intuit";"SF Bay Area";"Finance";715;0.07;"6/22/2020";"Post-IPO";"United States";18.0
"InVision";"New York City";"Product";0;0.5;"7/21/2022";"Series F";"United States";356.0
"InVision";"New York City";"Product";22;0.0;"10/5/2021";"Unknown";"United States";356.0
"Invitae";"SF Bay Area";"Healthcare";1000;0.0;"7/19/2022";"Post-IPO";"United States";2000.0
